Emma,Holmedal,10/30/2013,"989 55 837","Midtveien 4"
Ingeborg,Jonassen,9/19/2016,"412 03 185","Raustuvegen 133"
Lucas,Tysnes,8/30/2012,"449 96 217","Nordre Holen 199"
Ole,Pedersen,9/20/2004,"449 27 435","Bakkeveien 28"
Noah,Tonstad,11/19/2014,"477 58 267","Øvre Bogenvei 32"
Julie,Andersen,8/16/1999,"969 47 230","Kanefarten 165"
Amalie,Skogmo,11/24/2006,"958 25 107","Majorvegen 237"
Alma,Strand,12/10/2000,"477 95 125","Steinvågvegen 6"
Sofie,Toresen,7/31/2008,"912 04 017","H.Abr.Hansens gate 83"
Adrian,Rogstad,2/1/2017,"427 32 861","Gulsetkåsa 222"
Anton,Nilsen,12/1/2006,"977 60 362","Bakkegata 13"
Didrik,Hopland,5/23/2014,"911 41 075","Sagplassvegen 131"
Emilie,Pedersen,9/30/2015,"465 15 598","Anders Liaklevs veg 151"
Jasmin,Olsen,4/7/2018,"992 50 197","Chr Michelsens gate 197"
Ibrahim,Korsnes,8/1/2011,"451 44 482","Kirkegata 172"
Sofia,Amundsen,8/1/2000,"995 65 968","Kjosvik 157"
Casper,Lunde,1/26/2013,"918 06 360","Husebybakken 122"
Nora,Lian,9/29/1999,"455 13 601","Nordmørgata 55"
Julian,Iversen,6/7/2007,"426 85 951","Rasmus Mortensens vei 116"
Håvard,Lunde,1/31/2018,"492 10 138","Sleggeveien 140"
Imre,Slette,4/10/2007,"966 07 348","Espentunet 210"
Sara,Giske,7/31/2017,"949 36 314","Brakkebakken 234"
Angela,Opsahl,2/27/2008,"923 73 276","Dammenvegen 15"
Oliver,Sand,7/26/2007,"933 77 018","Bergbyveien 117"
Mika,Askeland,2/27/2000,"487 83 583","Vassåsveien 242"
Celine,Andersen,7/30/2005,"441 34 979","Sigurd Nergaards veg 210"
Ahmed,Amdam,7/10/2002,"964 36 298","Vibeveien 44"
Erika,Ødegård,2/16/2002,"412 32 535","Breidablikk 109"
Kristoffer,Mikalsen,5/12/2012,"462 02 736","Vammatoppen 141"
Sebastian,Ellingsen,2/7/2012,"452 90 245","Holsts gate 87"
Noah,Braathen,4/1/2009,"977 31 664","Torsborgveien 13"
Lara,Nordby,9/17/2008,"410 29 561","Ballestadvegen 223"
Sebastian,Øygard,9/1/2013,"994 80 887","Grønstads gate 47"
Anton,Lie,12/17/2000,"417 70 109","Rødhettestien 85"
Kim,Pedersen,9/19/2004,"469 35 755","Nikolaikirkeallmenningen 200"
Guro,Jensen,6/17/1999,"469 50 350","Flyplassvegen 194"
Jørgen,Nordhagen,12/12/2016,"977 99 654","Nordliskrenten 108"
Emilie,Andersen,7/12/2007,"486 04 310","Einerveien 117"
Nora,Karlson,2/17/2010,"483 86 169","Ljansbrukveien 129"
Dominik,Gundersen,9/2/2004,"934 07 021","Veslevegen 233"
Agnes,Digre,12/30/2008,"922 19 218","Stridestraumvegen 42"
Alvilde,Wik,9/7/2013,"488 64 362","Stranddalsveien 160"
Josef,Liabø,12/17/2018,"422 63 455","Faunveien 43"
Andreas,Hegdal,9/28/2011,"485 02 816","Bassengveien 20"
Marius,Jensen,6/16/2001,"951 12 000","Stalheimvegen 139"
Truls,Kristiansen,12/31/2001,"416 68 057","Skarpholvegen 73"
Henrik,Eriksen,11/27/2010,"919 05 418","Blåsteinveien 67"
Georg,Aslaksen,1/24/2000,"463 43 734","Bekkegata 229"
Hussein,Mjelde,9/2/2010,"418 66 742","Vannposten 56"
Mathilde,Torp,11/25/2008,"978 60 195","Øvregate 82"
Adam,Øen,12/4/2004,"431 54 385","Falkåsen 121"
Julian,Askim,8/16/2003,"476 91 670","Signalvegen 19"
Helene,Dahl,2/9/2014,"979 46 307","Olav Kyrres plass 38"
Alise,Ferstad,9/20/2018,"999 50 015","Eilert Sundts gate 198"
Kristian,Klev,5/30/2007,"994 15 537","Sivertvegen 55"
Ellen,Mikalsen,2/20/2012,"454 41 289","Linstubben 108"
Olav,Steine,2/28/2015,"444 22 139","Gamle Borgen vei 11"
Alva,Moe,9/5/2003,"470 21 639","Olav Duuns vei 206"
Celine,Pedersen,2/1/2001,"425 49 672","Ellefs vei 134"
Ebba,Pedersen,11/19/2009,"989 91 899","Flesåstunet 14"
Henrik,Flatebø,2/8/2016,"923 31 967","Bergsvingen 117"
Isak,Bergmann,9/2/2007,"415 28 832","Bjørkelia 46"
Sean,Nilsen,2/12/2002,"992 14 691","Kari Trestakks vei 211"
Christine,Johansen,5/22/2015,"499 09 585","Engebråtan 16"
Ada,Sakshaug,11/14/2008,"986 05 176","Nordre Elvikvei 159"
Ingeborg,Årvik,4/11/2007,"441 43 539","Kneiken 196"
Liva,Jørgensen,8/7/2005,"456 07 038","Baggliveien 32"
William,Eckhoff,1/18/2013,"444 09 680","Stølshaug 61"
Vetle,Liknes,12/8/2007,"953 11 268","Trollahaugen 81"
Lucas,Ellingsen,12/1/2005,"920 16 580","Buergrenda 249"
Ada,Husum,1/13/2008,"917 59 773","Enerhaugplassen 11"
Ylva,Bøe,11/7/2006,"420 57 075","Sleipnerveien 165"
Mathea,Arnøy,2/17/2014,"412 88 200","Bordalssløyfen 229"
Adrian,Sæbø,8/9/2004,"497 39 251","Hyttegata 76"
Matheo,Nordberg,10/31/2013,"934 76 582","Grette 24"
Martine,Johansen,5/30/2009,"485 61 774","De Eldres vei 40"
Johannes,Skogheim,1/17/2013,"959 56 333","Lundveien 108"
Max,Borg,5/8/2006,"981 31 669","Orrehaugen 18"
Kristoffer,Andresen,4/12/2007,"938 85 383","Hellesteinveien 199"
Mats,Krogstad,1/15/2005,"488 51 602","Telefonveien 248"
Håkon,Granås,7/10/2016,"988 76 626","Vaglefjellbakken 173"
Erlend,Nilsen,1/4/2007,"979 35 319","Vågsmyrgata 107"
Anna,Skretting,11/2/2006,"424 88 176","Beverstien 131"
Hanna,Thomassen,3/27/2014,"917 60 821","Hubroveien 230"
Hanna,Reinertsen,9/11/2002,"469 81 935","Sildråpevegen 231"
Mia,Amundsen,1/31/2018,"478 04 062","Gamle Jåttåvågen 41"
Kristina,Braathen,6/22/2011,"492 71 478","Filips gate 135"
Tiril,Kristiansen,5/9/2015,"419 53 471","Søregata 121"
Sebastian,Antonsen,5/17/2012,"999 56 775","Blekebakken 63"
Pia,Haugen,4/29/2002,"491 09 125","Nedre Kristianstens gate 220"
Abdullah,Jacobsen,3/12/2003,"452 31 667","Oskar Braatens veg 178"
Kristine,Stornes,3/1/2001,"470 43 932","Villaveien 141"
Karl,Helland,5/10/1999,"411 70 020","Vardeveien 240"
Noel,Myhre,12/8/2000,"911 25 521","Skulgamvegen 8"
Joakim,Braathen,3/24/2007,"424 43 507","Tungen 85"
Wilma,Røysland,12/27/2011,"463 41 765","Lysehagan 117"
Iver,Wang,3/1/2008,"972 12 010","Knausbakken 221"
Tilde,Bjelland,3/27/2000,"486 62 721","Teglverksgata 11"
Lea,Indrebø,2/25/2009,"431 99 056","Løhaugvegen 74"
Oskar,Nyberg,1/26/2015,"464 21 214","Veiberggata 246"
Jenny,Opheim,8/26/2016,"975 70 763","Lillealteren 172"
Vegard,Jespersen,1/12/2008,"451 96 668","Strupen 247"
Frida,Strøm,9/3/2015,"473 82 910","Folke Bernadottes vei 213"
Ada,Aarnes,6/27/2006,"998 07 964","Sinsenterrassen 99"
Ingeborg,Kjeldsen,4/28/2010,"997 15 018","Gøtevegen 1"
Balder,Habbestad,5/24/2000,"444 02 441","Lilletorget 103"
Nora,Wangen,4/2/2008,"977 23 410","Strømsveien 151"
Leo,Sviggum,11/14/2002,"413 38 366","Fridtjof Nansens plass 94"
Anna,Selvik,8/19/2009,"471 07 097","Ingrids gate 15"
Odin,Kvam,7/26/2014,"952 86 564","Hestengbakken 154"
Thomas,Forsberg,12/20/2012,"994 73 157","Solvegen 53"
Thea,Hanssen,5/16/2013,"976 81 291","Hvalsveien 230"
Mathea,Larsen,5/21/2009,"964 96 488","Tømmeråsveien 192"
Oskar,Jakobsen,10/22/2001,"966 82 133","Allehelgens gate 154"
Karoline,Jensen,11/7/2018,"425 42 896","Doktorveien 108"
Max,Bjørvik,4/11/2019,"918 80 977","Løvåsveien 206"
Vilje,Pettersen,1/20/2012,"915 79 308","Brandstorpveien 205"
Oliwia,Andersen,6/9/2001,"496 86 506","Trimveien 196"
Frøya,Ramstad,11/9/2015,"430 44 621","Sigurds vei 170"
Jonas,Hestad,3/12/2001,"422 53 835","Rødtvetkroken 246"
Julia,Johannessen,12/26/2001,"423 16 729","Skarvaveien 245"
Aleksander,Antonsen,5/5/2005,"496 22 046","Skolegata 178"
Amalie,Hammer,11/6/2016,"933 54 320","Løypevegen 102"
Isak,Bjørkum,12/20/2004,"478 45 884","Breisteinvegen 54"
Dominykas,Brænden,7/5/2012,"943 93 547","Kløverstien 128"
Elena,Skeie,5/1/2016,"952 70 906","Fekjan 51"
Cornelius,Mathisen,11/30/2017,"940 41 160","Orreveien 244"
Didrik,Throndsen,7/16/2000,"446 98 379","Oddefjell 226"
Even,Sørensen,10/1/2007,"412 80 755","Vaglefjellskogen 174"
Aurora,Solberg,7/3/2015,"978 50 248","Albert Moens veg 133"
Hedvig,Werner,9/5/2016,"948 33 001","Jensebakken 225"
Sander,Ruud,4/26/2015,"912 20 262","Brennavegen 149"
Emma,Ness,4/9/2012,"952 46 986","Barbugårdsveien 136"
Sander,Salvesen,12/6/2018,"981 51 312","Solbergveien 146"
Henriette,Sundby,4/12/2014,"910 61 327","Solbakken 51"
Mina,Myller,8/31/2009,"470 69 840","Skavhaugen 106"
Iben,Hagen,5/11/2013,"499 41 043","Sørumgata 64"
Gaute,Karlsen,10/6/2006,"970 80 472","Peter Reimers gate 187"
Vilde,Nesheim,3/19/2001,"472 21 258","Telemarksvingen 119"
Astrid,Lund,8/25/2017,"917 50 677","Falkumlia 217"
Ayub,Rognmo,10/31/2018,"489 35 362","Borgenbråten 202"
Mohammad,Blindheim,7/22/2014,"970 70 690","Jordbrekkveien 39"
Ingrid,Kvam,8/9/2013,"933 46 174","Nedre Movei 152"
Mia,Johansen,5/2/2004,"443 28 696","Havnebakken 161"
Ulla,Dale,8/29/2008,"463 36 747","Salmakergata 221"
Åse,Bø,7/29/1999,"424 62 288","Kalamyrryggen 70"
Maria,Eide,9/21/2009,"948 70 529","Håndverkergaten 175"
Nora,Korsvold,9/17/2017,"434 10 292","Buråsveien 47"
Andreas,Rasmussen,8/18/2017,"945 21 517","Hvalrossvegen 206"
Tyra,Larsen,4/25/2015,"911 84 834","Jongskollen 10"
Guro,Ensrud,4/24/2000,"425 66 073","Lunneveien 229"
Tobias,Aadland,7/9/2002,"447 14 462","Englandsvegen 186"
Mikael,Pettersen,6/20/2012,"470 44 398","Hjorteveien 177"
Viktoria,Myhre,12/17/2018,"425 17 330","Myggveien 192"
Una,Wilhelmsen,4/10/2004,"950 39 024","Hellerveien 98"
Eliza,Terjesen,4/3/2004,"430 60 790","Balders gate 235"
Even,Sverdrup,7/24/2005,"914 18 293","Sandgata 242"
Aksel,Dahl,7/27/2003,"947 60 760","Møllers gate 70"
Ruth,Helgeland,4/3/2012,"431 15 529","Welhavens gate 176"
Leon,Løland,8/31/2001,"955 27 841","Solfjellstubben 125"
Aylin,Søfteland,10/27/2007,"948 76 254","Østgårds vei 22"
Amelia,Ellingsen,4/3/2019,"933 77 735","Langes gate 100"
Erlend,Syversen,12/19/2016,"443 51 923","Halvor Flodens veg 46"
Nora,Gilje,11/12/1999,"449 95 275","Rådyrstien 80"
Katrina,Johansen,5/29/2018,"475 17 398","Jerpeveien 136"
Bjørn,Andersen,4/1/2010,"997 17 246","Solbakkeåsen 122"
Iben,Moe,1/14/2002,"976 43 304","Belsbyveien 62"
Kian,Larsen,12/13/2000,"986 28 805","Bahustunet 129"
Bjørn,Johansen,4/24/2005,"964 65 278","Schweigaards gate 102"
Ingrid,Næss,1/26/2009,"927 53 169","Myrveien 32"
Anna,Kaya,9/22/2015,"947 20 697","Seimsleitet 150"
Solveig,Mo,9/20/2016,"986 57 675","Th. Engers veg 201"
Amanda,Standal,2/3/2013,"436 45 033","Daniel Danielsens gate 192"
Laurits,Viddal,12/2/2017,"466 75 896","Moholmen 77"
Mathias,Ali,8/7/2014,"946 78 507","Ryes gate 220"
Angelica,Kristiansen,1/16/2015,"941 19 932","Øvre Bøkeligate 28"
Hanna,Hellesø,6/14/2005,"999 90 569","Susebukta 228"
Marie,Eikemo,10/31/2008,"995 98 357","Fortunaveien 27"
Colin,Boge,6/15/2008,"427 45 728","Storhauggata 9"
Ida,Stenberg,3/26/2002,"969 65 323","Almeveien 119"
Ragna,Aurstad,10/15/2000,"486 39 276","Grannesarmen 247"
Ludvik,Sæterdal,5/25/2001,"974 97 474","Abildsøfaret 134"
Sarah,Johansen,1/17/2018,"976 97 433","Skomværgata 82"
Tobias,Sara,1/25/2010,"983 72 690","Steinurbakken 45"
Una,Myhren,6/1/2013,"975 29 595","Elsbuneset 95"
Kenan,Bø,11/11/2011,"958 02 561","Nersengan 177"
Sara,Johansen,11/21/2013,"453 94 990","Trestegveien 44"
Sverre,Haugan,5/2/2010,"450 28 441","Havreveien 126"
Sara,Lie,8/21/2013,"482 07 820","Daniel Hansens gate 167"
Henrik,Alnes,5/5/2017,"436 14 417","Isdamveien 132"
Oscar,Nordhagen,6/24/2002,"962 29 139","Elvromvegen 209"
Eliah,Aasland,8/7/2017,"973 21 828","Turveien 227"
Angelica,Lien,10/14/2016,"954 34 423","Essoveien 232"
Josef,Lien,5/2/2015,"951 02 591","Rolandvegen 193"
Lucas,Arnesen,4/12/2019,"482 25 802","Munkelia 126"
Nora,Fosse,2/29/2000,"996 18 722","Skihytteveien 127"
Christopher,Østgaard,9/3/2008,"993 16 824","Skårgangen 143"
Amalie,Wergeland,3/20/2019,"974 44 503","Lundevegen 126"
Live,Vang,2/13/2018,"450 32 184","Hesby 35"
Patryk,Roland,5/11/2005,"977 81 939","Hvidstenveien 41"
Karolina,Andorsen,10/14/2008,"423 34 066","Ognagata 241"
Pernille,Wilhelmsen,3/18/2013,"964 52 785","Telthusveien 153"
Ingebjørg,Kristensen,6/12/1999,"475 48 432","Vardehaugveien 243"
Ylva,Skare,4/1/2012,"450 77 189","Rorhusvegen 227"
Celina,Wangberg,10/1/2005,"926 24 091","Høgeveien 125"
Fredrik,Kristiansen,12/16/2001,"433 54 615","Karisvingen 50"
Hanne,Eide,12/3/2014,"445 78 025","Mjølnervegen 2"
Angelica,Olsen,8/8/2018,"490 39 856","Opalvegen 239"
Luna,Bjørdal,6/19/2010,"975 77 625","Østre Aspehaug 208"
Synne,Hop,4/19/2010,"964 02 686","Jordbærstien 155"
Synne,Gjøsund,11/14/2013,"428 47 750","Granneslia 32"
Nicolai,Hem,12/28/2010,"916 51 149","Bjørklunds gate 226"
Theo,Østrem,8/4/1999,"958 77 183","Conradis gate 151"
Emma,Karlsen,8/28/2013,"912 88 109","Alexander Holsts veg 126"
Mathias,Nilsen,10/29/2003,"496 70 657","Nedrelien 145"
Mariell,Knudsen,1/1/2013,"940 36 557","Fjellvåkvegen 66"
Mathea,Mossige,8/4/2010,"946 06 511","Longhammarvegen 127"
Fredrik,Årseth,10/12/2006,"430 02 357","Kråkemyro 217"
Amalie,Pettersen,8/16/2005,"967 54 665","Øvre Eikervei 71"
Casper,Moe,11/16/2004,"495 08 091","Hekkeløpveien 205"
Tilde,Amundsen,8/21/2011,"914 43 484","Gamle Asheimvei 226"
Ingeborg,Holt,5/24/2009,"463 00 955","Bergelandsgata 199"
Mia,Bråten,4/20/2003,"435 26 447","Hammerbakken 238"
Matilde,Olsen,7/2/2006,"453 30 139","Rødskiferveien 55"
Hanna,Helle,12/29/2017,"484 48 406","Rasmusbakken 71"
Sebastian,Bekkelund,4/5/2005,"981 67 032","Otto Nielsens veg 195"
Emma,Johansen,6/16/2016,"469 52 808","Meatjønnshaugen 165"
Natalie,Svenningsen,1/1/2010,"938 24 630","Dyrstadveien 81"
Isabel,Noreng,1/14/2001,"998 70 704","Hvålagata 205"
Clara,Tønnessen,7/8/2016,"960 74 892","Gjetaren 136"
Sigrid,Hjelseth,9/1/2000,"455 95 058","Dyrefaret 140"
Tiril,Herland,2/10/2016,"440 30 300","Matrosvegen 47"
Phillip,Knudsen,8/16/2005,"976 20 787","Underhaugsveien 80"
Marie,Grønli,4/19/2018,"917 93 882","Sparresgaten 26"
Victoria,Svendsen,11/18/2002,"911 81 146","Fjellbakkane 232"
Petter,Kvalvåg,9/20/2010,"484 35 445","Mitzellsmauet 100"
Ida,Pedersen,9/17/2012,"966 20 469","Olav Aukrusts veg 236"
Lucas,Ødegaard,12/13/2006,"438 73 443","Dvergveien 63"
Jennie,Gustavsen,12/18/2015,"928 86 661","Hertzbergs gate 187"
Maia,Heen,8/23/2007,"977 89 036","Mauds vei 38"
Emine,Granås,3/4/2011,"446 07 719","Fastings gate 50"
Jakob,Skeie,11/27/2011,"987 64 821","Sandbækveien 147"
Leon,Haugland,12/11/2003,"911 29 992","Ladetrøa 215"
Sunniva,Kvinge,12/25/2011,"439 55 954","Bekkefaret 66"
Filip,Strand,12/22/2009,"934 69 695","Hans og Grete stien 169"
Alexandra,Sigurdsen,6/9/2015,"487 16 999","Gullfakskroken 47"
Matteo,Lunde,9/14/2010,"987 41 702","Dyre Vaas vei 175"
Maria,Sivertsen,5/23/2001,"448 13 233","Matrosveien 243"
Sunniva,Kristensen,10/1/2005,"482 57 164","Bjørkelunden 34"
Marte,Bjørkheim,12/13/1999,"483 65 295","Åsenveien 229"
Johanne,Stokkenes,5/13/2010,"411 15 880","Venus vei 125"
Torben,Søreide,6/6/2008,"478 79 968","Hansøyveien 169"
Anna,Sundfær,1/9/2013,"979 34 530","Fasanveien 212"
Johannes,Lindblad,7/10/1999,"931 51 182","Songe terrasse 45"
Tore,Johannesen,8/16/2008,"463 66 947","Kartheia 168"
Martin,Skjevik,2/1/2002,"980 24 200","Roald Amundsens veg 178"
Nicklas,Kilen,2/7/2011,"416 49 890","Skrivar Wessels veg 217"
Elliot,Jakobsen,11/14/2009,"498 83 265","Myrvoldvegen 1"
Kenneth,Fossum,12/29/1999,"959 13 659","Hukenveien 84"
Kristoffer,Tronstad,12/10/2005,"910 63 136","Grenaderveien 211"
Alexander,Haugstad,6/24/2007,"918 31 699","Haugeplassen 66"
Kamile,Olsen,12/19/2013,"426 13 507","Svehaug 38"
William,Skagen,6/2/2015,"969 77 065","Brusemyrløkka 37"
Marcus,Sørensen,11/17/2008,"936 06 694","Herman Døhlens vei 117"
Maja,Sunde,5/8/2008,"483 46 871","Vaskerelven 95"
Kim,Johansen,12/7/2008,"937 79 521","Måsesvingen 38"
Mia,Holtet,8/10/2000,"477 66 800","Lillehauger 104"
Helene,Arntzen,2/7/2010,"417 97 615","Elvegata 231"
Sofie,Enoksen,5/7/2018,"961 14 900","Fossumveien 114"
Amelia,Nygård,7/21/2016,"912 30 730","Oppsjøveien 117"
Linnea,Nilsen,3/22/2010,"485 83 477","Skoleveien 220"
Lars,Skramstad,8/9/2005,"467 55 677","Peter Aas' vei 203"
Andreas,Rygg,7/4/2009,"952 35 545","Kornveien 27"
Emilie,Refsdal,7/24/2012,"498 79 590","Brattvollveien 73"
Olea,Kvande,1/19/2005,"973 83 514","Skogholtet 185"
Eirik,Bjørkmo,12/5/2010,"427 44 584","Stasjonsvegen 8"
Jakob,Sollie,6/15/2007,"942 96 829","Munkerudkleiva 50"
Victor,Rusten,6/2/2002,"926 20 208","Torevågvegen 129"
Arthur,Bru,7/6/2017,"416 62 567","Solegladveien 29"
Bjørn,Husebø,9/11/2015,"997 71 222","Rinds vei 72"
Mathilda,Hansen,4/20/2018,"923 00 835","Strandgata 149"
Isak,Larsen,3/5/2002,"454 62 634","Grensevegen 7"
Sebastian,Alsos,4/8/2012,"969 18 596","Rønningveien 176"
Sverre,Aas,7/6/2013,"955 76 128","Sørflåtveien 103"
Filip,Næss,10/28/2016,"413 05 078","Øvre Frednes veg 31"
Musab,Sivertsen,1/7/2003,"953 08 864","Kjelleveien 237"
Michael,Andresen,11/23/2018,"482 60 442","Hannibalveien 62"
Hafsa,Østby,3/7/2000,"424 60 344","Dagmarbakken 176"
Mie,Haugland,9/8/2012,"923 26 267","Buskogen 185"
Filip,Lien,5/12/2005,"974 02 936","Sædalsvegen 29"
Hedda,Henriksen,2/26/2014,"480 34 949","Magnus Lagabøters veg 167"
Magnus,Sylte,3/23/2003,"994 27 315","Peterhofveien 174"
Mikkel,Nikolaisen,10/18/2009,"413 80 192","Linderudveien 169"
Emma,Madsen,2/26/2001,"431 88 121","Kronprins Olavs allé 237"
Thea,Alvestad,12/26/2000,"913 58 467","Brevikveien 170"
Emine,Roland,8/2/2016,"991 28 950","Kyrkslettvegen 36"
Petter,Lea,10/29/2007,"932 45 318","Ammerudhellinga 41"
Ulrik,Dale,7/7/2013,"997 17 125","Lille Frogner allé 223"
Mathea,Kristiansen,5/18/2013,"445 84 110","Gjermundrudveien 178"
Albert,Davidsen,9/23/2012,"420 53 116","Bjørningstadveien 240"
Theo,Larsen,1/29/2019,"994 79 792","Asalbakken 1"
Elias,Rognes,6/6/2005,"913 24 528","Stuffen 62"
Aron,Jahren,3/28/2011,"466 70 147","Marierostien 225"
Sofie,Rusten,7/19/2014,"919 44 411","Kamperhauggata 233"
Nora,Solheim,1/1/2015,"475 44 277","Lars Hofstads veg 69"
Noor,Botnen,1/14/2008,"437 98 540","Fjordgata 247"
Thea,Borgersen,10/24/2010,"933 77 544","Gårdsveien 52"
Ahmed,Frigstad,6/19/2001,"436 07 469","Dreggjavikveien 23"
Tarik,Berisha,12/24/2012,"435 43 235","Langhaven 179"
Ailo,Hasle,9/14/2015,"487 87 526","Englia 225"
Line,Nguyen,9/10/2016,"953 04 126","Korten 187"
Sebastian,Gjerde,8/19/2008,"920 92 696","Rugdeberget 149"
Amalie,Eriksen,9/20/2004,"496 47 411","Håndtaket 100"
Jonas,Børresen,11/19/2010,"481 36 526","Steinveien 5"
Even,Midtbø,10/7/2017,"932 92 933","Godliaveien 83"
Alva,Kaur,11/20/2010,"996 78 256","Eikelia 143"
Simon,Mohamed,5/27/2018,"471 83 216","Frits Thaulows gate 82"
Lukas,Hansen,1/31/2017,"986 43 943","Hummelvikveien 169"
Mathias,Karlsen,11/8/2016,"471 90 073","Lars Nøsens veg 177"
Melissa,Fossen,2/14/2012,"418 46 914","Brannhaugen 43"
William,Rohde,2/25/2011,"962 68 368","Husvikveien 212"
Felix,Straume,4/5/2016,"478 99 793","Adolph Tidemands vei 202"
Johanna,Tran,5/4/2004,"954 87 760","Dansrudveien 161"
Tor,Knudsen,11/18/2005,"493 08 340","Tevlingveien 166"
Hans,Næss,7/15/2016,"911 80 907","Hasselveien 161"
Vetle,Klingenberg,11/26/2014,"421 56 862","Russevikveien 47"
Simen,Bjørge,5/10/2016,"960 36 903","Årøhagen 72"
Kristian,Holstad,3/3/2009,"417 60 919","Anchersens vei 154"
Lasse,Hestvik,2/3/2014,"982 05 416","Kollåsskiftet 44"
Kajsa,Antonsen,1/10/2008,"947 24 182","Nyborgveien 184"
Lucas,Miller,12/25/2015,"498 44 470","Professorveien 17"
Sunniva,Førland,9/2/2017,"945 43 357","Vesleveien 76"
Hermine,Lossius,1/18/2014,"418 17 424","Barkvegen 236"
Synne,Wergeland,4/30/2000,"433 44 716","Torger Carlsens gate 246"
Nikolai,Husøy,7/22/2006,"921 14 054","Aagot Gjems Selmers veg 84"
Georg,Hovland,2/7/2015,"950 39 759","Lamøya 123"
Liam,Nielsen,9/26/2010,"429 56 755","Ladebekken 105"
Sander,Nyheim,9/23/2005,"984 51 606","Gjellum terrasse 94"
Nora,Skaugen,9/8/2006,"912 10 171","Myrlandsvegen 178"
Emma,Haugen,3/11/2015,"428 68 016","Gullerud 78"
Jesper,Holm,6/27/2014,"412 03 651","Anna Helgesens vei 112"
Anna,Gregersen,2/20/2012,"440 86 063","Kolbergsrudvegen 98"
Maiken,Harkestad,11/22/2010,"921 77 776","Korsvik allé 243"
Isabella,Abrahamsen,4/18/2004,"955 67 022","Bankbakken 235"
Sondre,Larsen,6/28/2013,"944 13 560","Markvegen 12"
Arthur,Haga,10/11/2002,"497 93 702","Anders Rørholts vei 164"
Helena,Antonsen,12/18/2014,"969 66 542","Bruksgata 1"
Christian,Sjøli,12/29/2001,"912 07 645","Gaupevegen 42"
Angelina,Johannessen,7/8/2013,"956 11 936","Vollane 59"
Julia,Herdlevær,8/14/2007,"444 16 117","Friggs veg 66"
Dominik,Jensen,8/30/2013,"922 27 469","Nordre Fjellgate 168"
Sara,Larsen,6/13/2005,"477 33 577","Rambergveien 49"
Charlotte,Skogen,7/28/2006,"963 40 359","Londalen 82"
Tobias,Røvik,8/13/2017,"461 55 714","Vognmannsgata 121"
William,Olsen,5/6/2005,"416 51 261","Kildeveien 28"
Selma,Eriksen,3/21/2007,"423 90 221","Melkeveien 169"
Christoffer,Lund,1/24/2019,"985 32 347","Nadderudlia 175"
Maiken,Birkeland,12/8/2018,"969 99 546","Rosenlundveien 232"
Mathias,Ottersen,1/25/2010,"916 43 291","Mathias Bruns gate 234"
Millian,Ødegaard,11/13/2012,"933 56 099","Per Halvorsens vei 36"
Oskar,Bjørndal,3/14/2015,"930 61 971","Råbekksvingen 89"
Aron,Gulbrandsen,11/5/2000,"986 08 991","Rikard Kaarbøs gate 218"
Aylin,Moen,10/27/2018,"467 96 889","Feddersens gate 233"
Maja,Håland,9/9/2014,"958 34 226","Gamle Stemvei 97"
Lykke,Hårstad,10/14/2016,"418 89 325","Hagabråten 181"
Håkon,Nyhus,9/19/1999,"412 50 761","Dragonstien 202"
Bernard,Hjørnevik,9/2/2010,"990 25 781","Kristian Larsens veg 113"
Mohammad,Hågensen,12/13/2017,"940 98 990","Rugdevegen 90"
Erik,Johnsen,8/3/2006,"929 43 726","Skansebakken 147"
Aurora,Dahl,1/4/2008,"917 21 329","Nordkapps gate 207"
Liam,Jakobsen,4/21/2011,"435 10 357","Ilikroken 250"
Kaja,Hansen,11/11/2012,"980 25 829","Ytterseinesveien 214"
Linn,Braathen,2/8/2007,"987 36 913","Forushagen 88"
Martin,Korsmo,12/6/2015,"480 15 302","Dr. Gregertsens vei 158"
Iman,Larsen,10/18/2000,"422 13 537","Johan Bojers veg 90"
Dominika,Hansen,2/7/2010,"923 09 307","Dronning Blancas gate 159"
Alma,Breivik,5/23/2009,"424 27 900","Skjønningsengvegen 1"
Malene,Østerbø,8/15/2010,"915 79 960","Bjørneveien 125"
Julian,Nordtveit,1/31/2012,"999 75 164","Steinbekk gård 234"
Odin,Øvrebø,6/27/2008,"996 15 608","Leitebakken 161"
Kristina,Haugen,11/28/2013,"454 20 064","Eckmannsbakken 169"
Melina,Nilssen,5/20/2015,"981 14 840","Rifleveien 238"
Emilia,Skjørestad,12/11/2013,"931 30 427","Erikjordveien 236"
Vilja,Reiersen,6/15/2013,"944 65 931","Smedsvikneset 50"
Mats,Samuelsen,2/10/2000,"498 67 392","Agronomveien 150"
Marvin,Johansen,1/14/2011,"964 64 841","Orekåsgata 33"
Emil,Mork,3/12/2006,"935 27 778","Bølgenhøgda 198"
Lærke,Andersen,5/6/2009,"983 72 639","Øvre Sverresborg 166"
Idunn,Johansen,1/23/2013,"928 38 638","Vårstien 225"
Marcus,Mørch,2/3/2007,"482 39 367","Stikrudsgata 64"
Tuva,Øksendal,8/5/2005,"457 13 614","Njords veg 157"
Thomas,Lie,5/15/2014,"981 50 045","Strandgaten 246"
Ali,Somby,2/22/2009,"433 67 938","Slettavegen 242"
Jens,Iden,1/12/2011,"911 72 101","Torfinns gate 192"
Vilma,Halvorsen,8/6/2017,"462 18 001","Nedre Gurødvei 77"
Sigrid,Granli,10/30/2003,"431 48 742","Åkredalen 53"
Johanna,Andersen,7/30/2016,"458 05 928","Kvålveien 212"
Hilde,Johnsen,8/4/2003,"487 24 091","Norderhovgata 106"
Linea,Forsmo,8/28/2014,"970 55 764","Industrigata 171"
Sanna,Holm,7/22/2014,"429 74 278","Thomassletta 148"
Mikkel,Horpestad,2/1/2001,"490 38 515","Teinehaugen 210"
Emilie,Myren,10/26/2010,"455 58 217","Søre Skulstad 81"
Marielle,Kruse,7/28/2007,"451 00 714","Merkurveien 20"
Marcus,Holth,11/25/2016,"463 80 658","Rosnesstranda 22"
Leon,Fonn,8/5/2002,"998 82 004","Hjalmar Larsens gate 192"
Bernhard,Olsrud,6/18/2010,"969 36 293","Vestbysvingen 193"
Carl,Andersen,6/7/2005,"934 94 202","Thaulows vei 199"
Henrik,Sivertsen,10/25/2011,"926 48 665","Langelandsvegen 44"
Viktor,Håkonsen,4/22/2009,"968 30 791","Ulsetåsen 160"
Benjamin,Jacobsen,3/4/2003,"944 91 990","Bruksgata 158"
Lisa,Valla,7/19/2002,"926 43 901","Nedre Eidstredet 180"
Ali,Arnøy,4/1/2003,"953 05 067","Nordbø 201"
Tiril,Pedersen,9/1/2014,"459 88 821","Conrad Holmboes veg 190"
Vilhelm,Thorkildsen,9/28/2004,"988 46 066","Lille Karlsrud 230"
Mats,Vågenes,3/25/2014,"481 28 090","Jægermyren 162"
Ole,Berge,1/31/2007,"493 71 052","Skippergata 226"
Tomine,Aanonsen,9/21/2000,"950 60 839","Niels A. Nielsens veg 241"
Sofia,Hussain,2/19/2005,"924 26 286","Høybødalen 196"
Viktoria,Syversen,2/21/2001,"437 60 765","Bjørkelia 66"
Theo,Standal,7/14/2015,"998 84 745","Nesahaugen 7"
Daniel,Nørstebø,1/4/2001,"465 95 598","Nye Teglverks vei 93"
Patrycja,Johannessen,3/27/2010,"497 80 780","Sollivegen 126"
Edvin,Hamre,9/30/2014,"943 90 443","Jerpeveien 240"
Kristoffer,Andersen,4/9/2017,"924 71 063","Øraveien 233"
Ayman,Sæther,9/8/2001,"453 73 237","Wedels gate 1"
Joakim,Vinje,8/1/2018,"494 64 656","Jorvardeveien 165"
Christoffer,Skår,6/16/2018,"446 95 385","Høylandsvegen 124"
Eli,Karlsen,10/6/2011,"468 93 509","Rokkahaugen 45"
Mariam,Osland,10/28/1999,"931 88 188","Nedre Vågen 98"
Julian,Ottosen,5/3/2010,"417 34 709","Erik Pontoppidans gate 227"
Viktor,Røste,5/20/2017,"469 36 091","Vårstien 247"
Milla,Skog,7/27/2015,"478 10 796","Lifjellveien 218"
Thomas,Sørensen,5/24/2015,"499 64 144","Nesbukta 199"
Pernille,Pedersen,5/8/2016,"987 16 709","Matrosvegen 60"
Elisabeth,Svanberg,1/4/2000,"969 19 629","Ditlev Bloms veg 246"
Andreas,Kvalsund,1/18/2014,"970 77 750","Persvei 154"
Jacob,Jørstad,5/8/2015,"413 23 460","Nansenveien 149"
Kaja,Pedersen,3/4/2001,"494 16 226","Nedre Ullern terrasse 192"
Bartosz,Knutsen,6/28/2013,"442 89 359","Solveien 200"
Martyna,Vik,1/8/2001,"444 45 552","Morildvegen 25"
Noah,Svee,6/17/2009,"456 66 193","Henrik Steffens gate 58"
Andreas,Brox,7/28/2008,"956 95 925","Sørliveien 223"
Thea,Berntsen,1/30/2016,"414 87 727","Fossestuvegen 244"
Selma,Røstad,12/6/2016,"462 07 268","Laura Gundersens gate 181"
Pernille,Begum,9/23/2015,"940 91 744","Heibakken 113"
Sandra,Richardsen,6/23/2006,"473 50 039","Frogner plass 245"
Jonas,Johannessen,7/7/2005,"912 90 654","Vikens gate 218"
Helle,Lunde,5/29/2013,"965 59 752","Ulveveien 199"
Leah,Thoresen,5/9/2015,"482 66 742","Malmveien 54"
Adrian,Sivertsen,2/9/2013,"936 25 965","Kartverksveien 250"
Ragnhild,Stenhaug,6/26/2007,"447 51 074","Lundsbakken 177"
Ida,Leistad,1/20/2009,"949 18 338","Bertelsbakken 112"
Anna,Sjøthun,2/18/2004,"456 55 235","Professor Brochs gate 198"
Mathilde,Bakken,3/22/2017,"478 68 410","Trudvangvegen 165"
Ragna,Anwar,3/8/2016,"972 70 776","Tinnstien 245"
Axel,Berg,8/28/2002,"933 22 787","E C Dahls gate 143"
Jenny,Vangen,8/6/1999,"473 46 481","Kleberget 89"
Odin,Ellefsen,12/18/2003,"914 12 597","Barbugårdsveien 73"
Vebjørn,Selvik,4/2/2002,"410 88 930","Gamlelinja 176"
Colin,Jenssen,1/27/2014,"984 29 909","Sandmovegen 241"
Helle,Kleven,7/27/2008,"977 27 661","Johan Riefs gate 26"
Oda,Nilsen,11/29/2007,"465 47 095","Sanderveien 157"
Jon,Hauge,8/3/2004,"440 78 508","Grønlandsleiret 238"
Pernille,Tellefsen,4/4/2002,"981 64 803","Framnesveien 44"
Mats,Jensen,8/16/2010,"425 48 845","Nørstrudvegen 244"
Mie,Hatteland,1/14/2017,"911 28 681","Lirypeveien 138"
Mathias,Henriksen,6/14/2017,"947 13 124","Bliksrudveien 194"
Magnus,Brastad,5/1/2018,"471 82 762","Krebs gate 3"
Nicoline,Ekeland,3/7/2011,"416 57 751","Stallane 218"
Selin,Aunan,6/19/2006,"443 03 602","Orestien 184"
Aurora,Sørensen,4/23/2015,"994 94 519","Løkka Bru 20"
Simen,Danielsen,12/31/2011,"480 70 853","Vallehellene 176"
Hanna,Solheim,4/28/2014,"423 32 004","Bruksvegen 63"
Mia,Pettersen,6/21/2000,"924 82 837","Vidars vei 70"
Aksel,Eriksen,12/1/2009,"478 08 466","Paul Bentsens gate 68"
Maja,Johansen,10/21/2015,"428 54 246","Ånesveien 236"
Tobias,Gudbrandsen,8/14/2001,"972 86 277","Adjunkt Dørums gate 193"
Aksel,Eliassen,2/28/2013,"981 80 930","Sverdveien 180"
Aron,Oppedal,10/9/2008,"965 21 270","Rådyrbakken 58"
Magnus,Moen,5/17/2018,"463 04 347","Klokkargårdsbakken 220"
Brage,Langhelle,12/12/2010,"929 29 261","Knut Glomsaas' vei 133"
Samuel,Johnsen,11/19/2001,"961 96 777","Andreas Nilsens vei 64"
Isak,Ahmadi,5/18/2016,"440 39 877","Veslefrikkveien 145"
Astrid,Furulund,10/1/2012,"455 40 407","Speiderveien 174"
Emrik,Olsen,11/7/2002,"424 29 674","Rødgata 57"
Isaac,Wilhelmsen,7/7/2007,"445 90 070","Rambergveien 226"
Amalie,Hatlem,12/6/2007,"494 89 607","Skytterlagsveien 233"
Lars,Salte,4/21/2004,"472 33 067","Speiderveien 83"
Daniel,Stave,2/18/2000,"418 49 891","Åsligrenda 32"
Aurora,Fiksdal,5/16/2005,"479 38 729","Trygves vei 234"
Even,Aslam,5/2/2014,"949 64 034","Søndre Fageråsvei 185"
Marius,Hovde,4/12/2010,"424 90 671","Åmøygata 99"
Aksel,Hansen,11/28/1999,"978 02 874","Tveterveien 177"
Mathias,Eikeland,3/9/2011,"487 98 865","Gjellum terrasse 89"
Sigmund,Bakka,5/21/2008,"928 27 417","Th.Kittelsens gate 110"
Alex,Thorsen,8/25/2010,"916 10 116","Bratta 111"
Hedda,Rønning,7/5/2002,"964 51 004","Furusethveien 81"
Ida,Sand,11/29/2017,"458 62 360","Egstien 34"
Jonas,Lund,7/15/2001,"425 46 341","Blindheimsnesvegen 20"
Oda,Strømmen,4/5/2001,"457 82 096","Grindalsgata 132"
Syver,Suhr,11/23/2018,"981 81 641","Geiteramsveien 124"
Mia,Skauge,5/29/2004,"441 73 928","Kløveråsveien 110"
Marie,Moi,12/30/2013,"938 82 728","Haugstua 241"
Martine,Seland,3/7/2017,"936 08 127","Knerten 206"
Aria,Bashir,5/30/2000,"910 73 860","Tegebærveien 116"
Vanessa,Veum,12/26/2000,"913 54 025","Sollmanns vei 108"
Mathilde,Tungland,7/11/2017,"493 11 245","Åsmund Vinjes vei 196"
Vebjørn,Østensen,1/13/2017,"421 69 545","Sneveien 61"
Halvard,Moen,5/1/2009,"967 12 384","Søre Renen 47"
Christopher,Olsen,6/12/2004,"983 62 048","Vassfaret 208"
Silje,Hetland,7/10/2002,"493 45 837","Nils Collett Vogts vei 172"
Mikael,Kristensen,7/13/2009,"466 03 447","Knattenvegen 171"
Mathias,Rørvik,2/5/2018,"411 32 938","Solåsen 77"
Elina,Bjørndal,10/14/2015,"963 70 132","Verftsveien 141"
Ella,Bruvoll,7/7/2014,"932 94 537","Dr. Gjems veg 71"
Andreas,Schei,7/30/2010,"913 95 466","Fjordgata 236"
Jens,Hansen,11/7/2006,"466 89 864","Kongsdatterveien 226"
Benjamin,Bakker,5/25/2008,"485 42 106","Rugdeneset 3"
Nora,Aarsland,11/10/2006,"479 44 242","Sagberget 164"
Nathaniel,Solstad,8/6/2008,"946 41 888","Hatlaskaret 104"
Julie,Kaur,8/20/2009,"915 29 413","Marcus Thranes vei 53"
Simen,Mellemstrand,7/31/2018,"424 55 004","Balders gate 199"
Jonas,Vetrhus,1/11/2018,"483 49 712","Røralia 231"
Isaac,Jansen,8/28/2002,"993 29 216","Budstikken 72"
Filip,Wang,6/1/2009,"490 22 945","Gabbrovegen 34"
Emma,Johnsen,2/4/2011,"417 79 154","Eldøyane 82"
Ingrid,Kolstø,1/21/2002,"474 86 855","Bjørnsons gate 123"
Eline,Systad,11/14/2017,"936 36 553","Søsterveien 230"
Tuva,Takvam,1/15/2018,"948 84 868","Osen 174"
Håvard,Graff,11/13/2006,"943 58 504","Krokstien 204"
Alva,Haugen,9/5/2015,"436 31 133","Byfoged Finnes gate 14"
Marte,Sørmo,12/11/2000,"421 05 742","Sletteheia 194"
Victor,Olsen,11/3/2006,"949 16 476","Kokleheia 169"
Einar,Karlsen,9/15/2006,"462 36 595","Skarpsnogata 85"
Andreas,Iversen,4/25/2007,"481 02 048","Eckmannsbakken 76"
Pernille,Trondsen,1/8/2003,"911 47 358","Majorvegen 149"
Martin,Samuelsen,1/23/2003,"933 15 600","Asalveien 210"
Caroline,Svendsen,12/30/2007,"487 10 817","Klostervegen 90"
Elias,Aas,3/6/2001,"444 13 078","Myrveien 193"
Elise,Sand,3/17/2012,"972 03 904","Ålmoveien 215"
Anna,Johansen,3/31/2005,"998 66 632","Håkon Sverressons veg 58"
Elias,Haugom,4/2/2004,"431 02 370","Halmstadveien 97"
Markus,Amundsen,4/10/2001,"910 69 651","Kampens plass 135"
Åsne,Sagen,4/16/2009,"992 42 154","Oppsaltoppen 64"
Alicja,Smistad,2/17/2008,"984 41 958","Kvernhusmyrane 220"
Liam,Olafsen,9/26/2011,"499 56 867","Nedre Nattland 192"
Johan,Ulvund,4/16/2001,"980 55 084","Sidsel Sidsærks vei 82"
Leo,Schrøder,1/26/2008,"463 08 033","Ramsays gate 55"
Eirik,Sjursen,8/29/2018,"412 20 595","Åledalsveien 124"
Signe,Lien,5/2/2006,"410 61 945","O L Aunes gate 218"
Oscar,Farstad,11/2/2009,"419 96 899","Dalbakkveien 55"
Martha,Aksdal,1/8/2014,"485 25 201","Harald Jensens vei 44"
Alva,Pettersen,12/17/2018,"912 83 596","Snarrønningveien 88"
Martin,Nordhaug,10/5/2016,"963 87 786","Søndre Rød 80"
Magnus,Sveen,9/28/2017,"912 22 998","Kvalvågveien 15"
Benjamin,Dale,11/11/2011,"431 26 139","Grubevegen 107"
Mathias,Eriksen,5/21/2012,"414 98 765","Skolebakken 116"
Karolina,Eilertsen,6/22/2018,"925 39 417","Greiplandsløyfen 158"
Maja,Aas,10/14/1999,"455 17 508","Hans Dahms vei 174"
Iver,Farstad,1/13/2002,"458 96 021","Rødborge 47"
Aurora,Olsen,5/12/2005,"434 91 398","Torkevegen 119"
Carl,Johansen,4/11/2007,"926 80 571","Store Skippergate 107"
Frida,Brekke,2/28/2019,"447 89 798","Fjordgata 149"
Agathe,Rørvik,7/4/2013,"986 99 994","Nordahl Griegs gate 248"
Truls,Huynh,12/26/2016,"993 31 681","Sivert Gjørtlers veg 122"
Maja,Pettersen,7/10/2008,"414 75 278","Langneset 6"
Elias,Øye,8/29/2006,"956 83 527","Vikerhavna 110"
Maja,Lund,2/9/2006,"936 28 357","Brennaveien 40"
Rebecca,Johnsen,2/15/2005,"977 32 121","Sandvollia 36"
Mathias,Øie,12/30/2003,"463 59 535","Vindgårdsvegen 146"
Sander,Kalleberg,10/11/2004,"936 15 499","Røykåskroken 99"
John,Ringstad,6/14/2003,"991 90 709","Voss gate 10"
Christian,Odden,4/4/2010,"958 54 388","Märthas veg 224"
Thea,Harstad,11/6/2008,"939 43 885","Solhøgdvegen 90"
Patrick,Dvergsdal,8/21/2012,"420 68 802","Elverumgata 20"
Emma,Simonsen,12/7/2011,"442 20 284","Borgveien 108"
Ylva,Hasselberg,4/25/2006,"941 63 550","Borgeåsen terrasse 78"
Amalie,Ludvigsen,10/24/2016,"913 85 605","Bøkleva 64"
Noah,Aslaksen,6/1/2015,"923 64 008","Grevlingvegen 25"
Mina,Bakken,1/18/2012,"917 82 453","Karivoldveien 238"
Elise,Røgeberg,6/26/2004,"443 11 583","Grønmoveien 163"
Johannes,Skrede,4/8/2011,"435 38 121","Tordenskiolds gate 16"
Teodor,Aagesen,6/27/2003,"429 81 930","Normannsgata 9"
Thomas,Wang,4/6/2013,"944 45 578","Einelien 129"
Herman,Sørensen,4/17/2017,"954 62 664","Byggveien 217"
Alisa,Heiberg,9/9/2008,"970 70 571","Kragstadveien 50"
Ole,Hella,11/26/2015,"998 66 056","Tampereveien 217"
Halvor,Tharaldsen,9/10/2010,"911 94 596","Femdalsund 197"
Sebastian,Øverland,2/4/2010,"911 53 006","Bordalsbakken 98"
Tuva,Vold,3/24/2008,"990 27 315","Movegen 197"
Anna,Holte,1/16/2009,"965 68 960","Bergheimsvegen 42"
David,Heimdal,10/1/2008,"993 41 909","Yttervikveien 42"
Kristine,Sivertsen,9/1/2002,"432 85 452","Elvelyveien 228"
Abdullah,Tafjord,9/20/2004,"456 85 874","Scottsborg 186"
Jenny,Bjønness,5/20/1999,"971 04 563","Reichweins gate 97"
Eira,Brekke,1/28/2008,"449 40 056","Tetenveien 96"
Fatima,Berge,1/15/2012,"469 95 875","Økrigata 92"
Aria,Andreassen,5/26/2008,"953 25 892","Georg Feydts gate 5"
Laura,Løken,7/24/2012,"490 18 506","Ulrikskvern 164"
Falk,Larsen,11/24/2003,"469 76 407","Anton Borchs veg 131"
Jakob,Christiansen,6/4/1999,"953 68 405","Bispegra 194"
Vanessa,Ulseth,7/8/2000,"469 45 750","Gamle Konglung vei 150"
Karen,Mørkved,12/16/2006,"489 03 035","Othilie Tonnings vei 146"
Alexander,Solem,6/12/2018,"443 77 869","Bjerkelivegen 89"
Marie,Michaelsen,4/22/2014,"451 74 741","Nedre Tomtegate 128"
Theo,Lund,1/6/2008,"455 87 742","Sundevegen 125"
Frank,Borgen,9/13/1999,"998 36 347","Årenga 170"
Adrian,Norman,5/25/2011,"456 91 656","Skistuvegen 212"
Kim,Fiskum,12/1/2009,"995 98 110","Gustav A Devolds gate 228"
Julian,Finnerud,7/22/2001,"428 96 448","Gravarskroken 245"
Ingrid,Tvedt,11/17/2002,"466 57 202","Eventyrvegen 235"
Simon,Kristiansen,6/1/2008,"434 50 270","Drøsshaugan 51"
Lars,Westby,4/27/2010,"973 25 265","Lademoens Kirkealle 132"
Even,Bye,4/13/2011,"987 42 085","Gunnerengveien 71"
Liv,Sandli,9/4/2011,"922 73 452","Frue terrasse 158"
Isabell,Stene,9/12/2000,"964 81 550","Øverlandsvegen 173"
Nora,Thoresen,10/3/2015,"945 48 296","Sandbyveien 140"
Alise,Haagensen,11/4/2015,"420 72 243","Peder Myhres veg 60"
Emil,Skråmestø,5/15/2016,"443 55 096","Åsenhagen 123"
Celine,Hagen,12/21/2007,"936 72 453","Lauramarka 142"
Olivia,Svendsen,9/17/2015,"445 51 474","Nordliveien 120"
Lina,Larsen,3/6/2010,"416 75 736","Fossekallen 177"
Martin,Sletvold,9/25/2007,"420 21 330","Ole L. Kolstads veg 234"
Silje,Strøm,4/17/2006,"949 91 907","Nøklebytoppen 93"
Aksel,Solheim,5/25/2005,"946 08 247","Underlia 114"
Lene,Tellefsen,11/17/2017,"999 63 721","Frusetsvingen 79"
Sabrina,Birkeland,7/3/2010,"914 14 873","Harehaugveien 157"
Mina,Semb,9/17/2006,"495 47 108","Riegelsbakken 108"
Linnea,Haarr,11/12/2004,"997 35 555","Sletta 114"
Thea,Skjetne,9/4/2016,"912 56 898","Dr. Backers veg 133"
Lillian,Netland,6/13/1999,"954 42 743","Severines veg 221"
Selma,Sørensen,6/9/2005,"483 02 798","Grenseveien 198"
Jon,Rønning,1/15/2005,"989 59 977","Storgata 184"
Lara,Jørgensen,8/1/2014,"957 64 734","Ramnflogveien 234"
Selma,Myhrvold,9/24/2008,"463 75 813","Hystadvegen 96"
Sebastian,Kringstad,2/9/2012,"942 80 710","Rugdeveien 209"
Vetle,Borchgrevink,12/14/2007,"491 78 218","Amalienborgvegen 47"
Haakon,Gullaksen,7/9/2006,"915 74 835","Gramstadlia 87"
Emma,Smith,11/15/2011,"969 69 659","Lunden 171"
Emma,Sveen,11/1/2006,"950 29 073","Eikornrødvegen Sør 243"
Simon,Kristiansen,7/1/2013,"974 86 751","Eikåsneset 113"
Hannah,Nilsen,7/24/2017,"955 76 426","Roald Amundsens gate 99"
Syver,Wold,6/24/2008,"940 37 736","Embetsveien 62"
Linnea,Nilsen,8/4/2007,"466 73 039","Naustvegen 230"
Savannah,Jensen,5/31/2018,"983 83 596","Bevervegen 190"
Emilie,Aune,4/11/2017,"420 51 394","Underhaugsvegen 200"
Jenny,Borg,2/2/2016,"945 58 745","Bjørnslettveien 19"
Sigrid,Johnsen,8/16/2005,"435 11 048","Blåbærvegen 5"
Amina,Erland,5/20/2004,"943 12 059","Revheimsslåttå 28"
Trygve,Arnesen,6/1/1999,"965 10 236","Uren 196"
Regine,Lie,4/1/2005,"920 64 238","Hofsfossveien 144"
Selma,Mortensen,1/22/2003,"410 00 202","Harpunveien 53"
Anders,Østgård,8/15/2015,"458 22 284","Marbakken 125"
Linnea,Ingvaldsen,1/18/2011,"965 00 340","Vettaliveien 158"
Oscar,Mathisen,12/27/2009,"476 23 007","Valleveien 241"
Andreas,Jørgensen,12/6/2010,"952 22 232","Ankervegen 13"
Johannes,Olstad,3/12/2019,"983 09 214","Møllervegen 31"
Sigrid,Johansen,11/2/2014,"479 97 840","Kleivastø 180"
Elise,Larsen,7/22/2000,"493 17 534","Tidegeilen 102"
Victor,Fjeld,1/27/2010,"941 08 206","Solskinnsvegen 185"
Emilie,Aas,6/15/2016,"419 14 493","Leif Tronstads plass 223"
Oliver,Aker,10/16/2001,"995 05 978","Europaveien 65"
Victor,Krogstad,11/7/2010,"933 80 000","Gaukveien 133"
Emilija,Dale,1/13/2012,"915 61 294","Pilkveien 148"
Liam,Johnsen,10/2/1999,"436 06 681","Gonveien 216"
Jenny,Heide,12/10/2001,"486 17 131","Vallefaret 79"
Pia,Waage,4/26/2000,"937 47 529","Pettersand 111"
Sebastian,Karlsrud,6/28/2010,"485 84 889","Mikkelsbergbakken 42"
Jonas,Risa,1/8/2008,"416 57 529","Øyern plass 101"
Liam,Johansen,4/11/2002,"493 40 955","Skansebakken 250"
Erle,Nilsen,7/13/2000,"496 75 476","Ørneveien 182"
Emmett,Holth,3/10/2014,"473 91 735","Lisbeth Nypans veg 25"
Elias,Haugerud,8/20/2006,"973 66 108","Thora Meyers gate 66"
Ida,Sylte,2/17/2002,"434 89 050","Øvre Bjørkåsen 121"
Emine,Svendsen,1/24/2010,"984 46 995","Banuren 30"
Stein,Aarflot,3/3/2005,"925 24 404","Kringsjåveien 85"
Katarina,Arnøy,4/13/2019,"485 11 203","Johannes Minsaas' veg 239"
Tia,Ali,3/22/2011,"914 41 414","Veralandveien 211"
Kasper,Backe,4/24/2006,"449 36 834","Daniel Bildts gate 211"
Robin,Tønder,2/21/2011,"962 39 791","Verftsbakken 177"
Sanna,Hansen,8/12/2005,"932 34 356","Skeilunden 131"
Ea,Sannes,11/8/2015,"487 48 473","H W Friis veg 120"
Eva,Rønning,5/8/2006,"453 57 585","Nordeidstølen 59"
Anne,Fauske,9/1/2010,"961 74 349","Flatberget 34"
Sandra,Thøgersen,12/1/2006,"913 55 770","Båtsmannsveien 37"
Sindre,Løberg,3/1/2000,"453 58 124","Langårdvegen 129"
Karoline,Severinsen,2/6/2015,"418 70 094","Skolegata 88"
Noah,Jama,11/7/2002,"414 75 880","Østre Agnalt vei 109"
Andrea,Bjune,10/27/2012,"426 76 797","Rolandstredet 131"
Sander,Hansen,11/3/2006,"413 94 957","Ginatunet 187"
David,Ommundsen,9/8/2013,"457 89 572","Ringsveien 40"
Aron,Bekkelund,5/23/2015,"466 97 631","Sørhella 179"
Noah,Nystuen,1/9/2015,"929 00 537","Nedre Stokkavei 78"
Benjamin,Mohammad,9/17/2001,"953 04 799","Dugnadsveien 46"
Noah,Nilsen,12/11/2016,"410 11 211","Lensmann Jens Sørums vei 102"
Oliver,Osnes,7/13/2013,"493 31 183","Kaja Eides vei 17"
Bella,Hansen,6/7/2010,"942 32 104","Smalgangen 88"
Mia,Waage,5/8/2001,"470 77 053","Bekkefaret 67"
Silje,Hansen,2/16/2016,"475 48 462","Grefsentunet 220"
Elliot,Berg,5/27/2011,"432 36 058","Skoglien 184"
Mina,Thomassen,11/26/2013,"969 17 284","Gåseidstien 244"
Maciej,Eriksen,4/22/2004,"915 73 914","Nærbøgata 151"
Maria,Einvik,1/13/2005,"487 28 384","Bølerbakken 41"
Norah,Hassel,8/29/2006,"925 55 060","Lomviveien 72"
Leah,Eliassen,10/27/2001,"953 23 852","Aasmund Vinjes vei 153"
Freya,Nygaard,1/9/2004,"464 46 813","Granholmlia 221"
Noor,Martinsen,4/15/2000,"481 30 120","Huldervegen 221"
Emilie,Melby,11/9/2000,"438 03 083","Ruseløkkveien 44"
Iver,Svihus,3/15/2011,"471 18 365","Ryllikveien 1"
Mathea,Larsen,7/23/2002,"986 45 697","Skeisvold 96"
Maria,Hansen,5/31/2010,"916 45 450","Friggs veg 225"
Markus,Larsen,10/31/2013,"936 94 728","Torpegata 31"
Henrik,Sollid,7/8/2009,"920 29 421","Rosesmauet 158"
Nicolas,Jenssen,10/10/2012,"472 08 207","Olav Nygards veg 75"
Amalie,Karlsen,8/11/2004,"924 30 926","Tarlebøveien 197"
Emilia,Hogstad,4/20/2015,"923 87 252","Jens Dedekams vei 194"
Hedda,Heggland,6/20/2001,"910 74 927","Lerstadtoppen 16"
Henny,Hansen,12/18/2016,"448 24 837","Glassverktunet 131"
Torstein,Kaur,12/7/2013,"465 61 178","Skippergaten 156"
Alfred,Larsen,5/30/2016,"924 23 361","Muslingveien 249"
Amalie,Leivestad,12/5/2011,"490 59 010","Bjørnerudveien 166"
Erica,Olsen,5/22/2018,"455 32 443","Sørbybakken 137"
Nikolai,Hindenes,8/26/2004,"412 52 695","Vennelystveien 103"
Guro,Hartveit,4/15/2000,"910 03 629","Hatlen 190"
Leo,Eriksen,5/17/2015,"420 77 338","Fortunaveien 31"
Jonas,Vollan,9/21/2009,"459 40 870","Vesterveien 120"
Cornelia,Sveum,11/19/2004,"911 71 265","Gunnar Reiss-andersens gate 34"
Sunniva,Svendsen,7/16/2004,"990 75 182","Kjelleviktoppen 119"
Sofie,Hanssen,3/16/2005,"934 24 518","Venliveien 158"
Victoria,Hansen,4/1/2018,"939 91 354","Ringaberget 232"
Nora,Lunde,7/10/2014,"455 76 839","Myrlandsvegen 91"
Torben,Jørgensen,8/19/2018,"997 48 639","Ørpehaugvegen 63"
Max,Haugland,12/25/2018,"950 82 737","Kallumlia 197"
Konrad,Aas,7/4/2002,"470 82 477","Nedre Kulås vei 62"
Diana,Anti,12/1/2002,"461 89 931","Kirseboms vei 84"
Magnus,Halland,3/16/2015,"460 66 164","Hollendersvingen 32"
Joachim,Linge,1/21/2001,"417 79 400","Brønnøyveien 214"
Solveig,Daleng,6/12/2005,"955 77 068","Dammanns vei 211"
Eirik,Svendsen,7/9/2011,"444 38 210","Kirkebakken 132"
Victoria,Paulsen,10/23/2015,"992 79 682","Blåtoppveien 202"
Ulrik,Sleire,5/4/2014,"489 52 003","Sannerød 167"
Elias,Strand,2/14/2012,"920 09 726","Ole Nypans veg 77"
Preben,Karlsen,6/18/2008,"441 17 002","Isnesveien 92"
Martin,Risnes,1/24/2017,"916 39 489","Alfheimvegen 248"
Christina,Kleiven,7/18/2008,"434 39 933","Vesthagen 60"
Phillip,Meyer,6/5/2001,"912 65 058","Berghusvegen 36"
Jonathan,Odden,2/9/2018,"490 04 975","Bjørnsons vei 46"
Leo,Lillevik,8/1/2004,"953 87 617","Symrebakken 138"
Gustav,Larsen,9/27/2012,"977 81 296","Lassedalsveien 246"
Marvin,Torgersen,3/31/2010,"967 78 400","Einar Solstads vei 48"
Magnus,Meland,5/3/2003,"414 20 331","Sørligata 24"
Anders,Maudal,1/25/2017,"991 81 568","Bliksrudhagan 50"
Olaf,Pedersen,5/10/2008,"442 83 933","Krusestuvegen 11"
Anne,Martinussen,11/20/2013,"461 95 508","Elgveien 42"
Johanne,Jonassen,6/22/2004,"478 64 462","Østhellinga 248"
Storm,Kolsrud,1/10/2010,"442 66 282","Frølichs vei 100"
David,Berger,7/1/2005,"469 50 066","Langhaveheia 114"
Mathea,Iqbal,7/14/2018,"450 54 476","Nordre Skuteviksveien 158"
Andreas,Øvrevik,12/4/2006,"440 87 258","Wildenveybakken 95"
Isak,Rustad,2/18/2011,"959 72 806","Westvang 51"
Tuva,Bell,5/30/2016,"959 53 378","Irisveien 12"
Nathalie,Aarum,5/15/2005,"940 42 708","Espelandsvegen 76"
Leo,Grimstad,9/26/2011,"467 49 163","Skipper Wirkolas vei 106"
Bo,Grønås,9/8/1999,"941 88 997","Lundetunet 197"
Saga,Tornes,1/25/2001,"931 09 965","Kvitlingveien 157"
Dennis,Sand,5/5/2000,"434 43 293","Lunas vei 208"
Magnus,Nøttveit,6/29/2011,"471 86 913","Solegårdsveien 175"
Jonatan,Smith,11/7/1999,"947 80 210","Byfoged Finnes gate 5"
Mikkel,Iversen,8/12/2009,"431 87 008","Måmyrstien 158"
Hannah,Løkke,10/12/2018,"976 74 009","Christen Andersens veg 52"
Erik,Bjerkan,5/3/2003,"913 10 911","Hans Holens gate 11"
Olava,Olsen,5/19/2018,"952 61 969","Stubben 194"
Ella,Devik,7/6/1999,"488 70 463","Granliveien 180"
Jonas,Nordengen,11/16/2012,"920 57 863","Frivoldveien 143"
Hedda,Molden,4/16/2009,"421 96 011","Sjøvegen 111"
Emil,Stange,12/25/1999,"927 86 464","Schiøtts vei 135"
Felix,Lomeland,3/23/2001,"986 89 796","Øivinds veg 109"
Ida,Andersson,5/24/2014,"922 67 655","Engvegen 9"
Kenneth,Martinsen,2/17/2003,"994 75 841","Lindemann Bulls vei 157"
Olav,Øyen,11/26/2017,"490 24 798","Axel Huitfeldts vei 1"
Wilma,Joakimsen,11/25/2017,"429 82 907","Ekrehaugen 63"
Samantha,Haukås,12/24/2003,"433 63 201","Arnehjellen 156"
Emilie,Rønningen,6/29/2009,"436 67 753","Ulsrudfaret 129"
Malin,Iversen,3/19/2005,"944 57 930","Meisestien 105"
Pernille,Svensen,6/30/2013,"941 32 741","Otto Sverdrups vei 238"
Stefan,Samuelsen,4/28/2002,"427 75 278","Bakaasen 108"
Oliver,Breivik,11/15/2005,"488 06 058","Skogveien 155"
Eline,Larsen,1/15/2008,"931 68 371","Thor Heyerdahls gate 32"
Jacob,Eriksen,10/28/2012,"928 06 921","Sagplassvegen 232"
Mikal,Gjersøe,12/16/2001,"494 14 283","Sigrid Undsets veg 146"
Nils,Hansen,8/17/2004,"413 19 229","Hemmestveittunet 232"
Denis,Vangen,1/7/2008,"973 11 772","Bergstien 134"
Benjamin,Aronsen,3/23/2012,"437 92 233","Kamfjordlia 25"
Oscar,Foss,6/30/2004,"447 38 707","Jørgen Moes gate 135"
Theo,Torkelsen,8/14/2007,"470 99 032","Oksevolltoppen 199"
Håkon,Meland,2/21/2003,"961 71 602","Kløverveien 116"
Felix,Opsahl,12/8/2007,"427 26 312","Bjørgefaret 248"
Sofia,Dalene,1/5/2003,"451 27 031","Stærvegen 106"
Daniel,Vonheim,11/3/2016,"487 16 894","Voldsvegen 151"
Ulrikke,Bø,9/23/2008,"948 95 697","Ågårdvegen 231"
Erika,Nørstebø,7/21/2008,"438 89 756","Grensen 66"
Nora,Landro,1/14/2013,"986 89 809","Vestmarkveien 46"
Nicolai,Gundersen,1/15/2012,"942 15 391","Ørstvedtøya 152"
Isak,Helleren,2/6/2008,"911 10 482","Hjørnerødgata 216"
Celine,Haug,2/28/2004,"948 34 709","Lanesvegen 167"
Lukas,Røisland,6/12/2015,"482 92 509","Stockfleths gate 185"
Hamza,Meland,4/13/2019,"419 77 702","Elveosen 167"
Thomas,Høyem,4/4/2005,"468 89 217","Fjordgløttvegen 85"
Lerke,Andreassen,2/13/2004,"957 62 845","Bernhusveien 144"
Sofie,Svendsen,11/29/2011,"994 29 214","Mons Slettens veg 161"
Emilie,Sandven,12/13/2018,"457 74 279","Hans Amundsens gate 50"
Peter,Eikås,8/30/2012,"423 49 590","Vinjes gate 38"
Eliah,Bjørkli,6/25/2013,"956 51 004","Meheiaveien 31"
Julian,Arntsen,8/8/2009,"449 89 940","Poppelveien 36"
Andrine,Skog,10/16/2011,"489 73 553","Bernt Balchens vei 137"
Martine,Pedersen,2/1/2011,"961 45 674","Grankollen 78"
Eirik,Karlsen,7/22/2005,"440 62 043","Kremleveien 40"
Danial,Kristiansen,10/26/2018,"458 40 733","Orreveien 197"
Samira,Duong,7/22/2018,"413 36 839","Iduns veg 91"
Nora,Fischer,12/20/2015,"479 16 871","Granlytunet 217"
Sina,Englund,8/29/2013,"911 90 625","Øykjeneshaugen 102"
Jonas,Sunde,9/4/2013,"959 43 724","Nordre Sommerstien 229"
Lukas,Hernes,12/30/2009,"427 34 891","Postvegen 83"
Sigurd,Hunstad,8/23/2018,"949 51 250","Haakon Sæthres vei 195"
Phillip,Kanestrøm,3/11/2015,"420 14 599","Apotekerveien 36"
Casper,Øksendal,4/2/2017,"410 04 277","Kila 165"
Hanna,Thomassen,8/24/1999,"499 96 660","Gravavegen 120"
Nikolai,Dahl,10/16/2000,"441 83 828","Lågendalsveien 78"
Martha,Lillevik,9/10/2009,"910 31 180","Langeveien 197"
Gabriel,Thorstensen,1/28/2007,"992 43 032","Blåklokkeveien 116"
Hanna,Digre,3/23/2009,"914 68 602","Axel Dahls terrasse 188"
Leander,Holth,8/26/2003,"493 88 502","Øyvind Sørensens gate 209"
Eirik,Løken,5/5/2005,"992 51 189","Bodinveien 203"
Darin,Pettersen,12/10/2005,"937 60 910","Bergstien 193"
Nora,Salomonsen,12/4/2001,"445 45 162","Harestien 9"
Oliver,Stangeland,10/19/2018,"963 76 172","Ove Jensens vei 101"
Theo,Nesse,8/20/2011,"456 86 545","Kringsjåvegen 188"
Iris,Larsen,2/26/2005,"915 43 499","Løkkaveien 75"
Pernille,Halvorsen,5/28/2007,"984 79 131","Lukas Skogsås gate 10"
Leah,Simonsen,12/13/2013,"468 82 973","Belsbyveien 157"
Odd,Torgersen,10/29/2006,"480 16 961","Skolegata 61"
Andreas,Olsen,8/19/2008,"990 34 811","Vesterlivegen 128"
Odin,Fossum,5/22/2008,"935 88 126","Heimtrøa 195"
Nicolai,Wang,2/11/2012,"972 29 875","Kirkegårdsveien 34"
Samuel,Christensen,9/20/2013,"449 00 456","Bjynnvassdalen 120"
Leo,Pedersen,9/3/2009,"430 07 683","Mørkvedtråkket 172"
Lykke,Andersen,5/3/2000,"951 95 482","Frusetholtet 27"
Jacob,Aabel,5/21/2004,"433 21 541","Kolleveien 101"
Thea,Engeset,11/28/2004,"435 70 966","Vårvegen 90"
Marte,Moe,2/21/2003,"913 50 553","Gravdalsveien 229"
Caroline,Anfinsen,7/18/2007,"470 49 525","Lomveien 222"
Maja,Dahle,10/10/2008,"926 04 233","Skjolddalen 123"
Henny,Terjesen,8/26/2010,"438 55 308","Smedsvingen 135"
Lea,Ellingsen,9/26/1999,"922 19 777","Sorrisniva 113"
Håvard,Mathisen,7/10/2000,"439 60 807","Brennavegen 92"
Andreas,Ahmed,9/6/2006,"440 89 513","Åttringsveien 67"
Jostein,Drageset,11/26/2013,"434 32 644","Sletteheia 136"
Sebastian,Kristiansen,8/1/2013,"481 04 129","Bredmyra 195"
Haakon,Varhaug,3/20/2018,"944 92 438","Markvegen 158"
Sofie,Hussein,9/24/2016,"471 51 617","Henrik Becks vei 231"
Celina,Hansen,2/23/2019,"450 83 020","Bjørkebakken 102"
Dennis,Drange,9/3/2000,"988 32 600","Rådmann Knudsens gate 177"
Kaya,Hasle,1/20/2010,"911 65 881","Harestien 33"
Nina,Sollid,5/27/2005,"988 55 782","Kvernkroken 184"
Gabriella,Misje,12/6/2011,"986 75 379","Hansbakken 84"
Tobias,Berget,6/12/1999,"947 22 094","Nisevegen 63"
Thea,Skorpen,11/28/2011,"927 07 938","Bings gate 180"
Julie,Ødegård,10/29/2006,"979 79 233","Molvigkaia 237"
Aurora,Berg,1/19/2017,"472 32 044","Ivar Skårsets veg 195"
Maria,Mæhle,3/20/2004,"448 89 184","Symrekleiva 238"
Halvor,Nordeng,3/3/2014,"490 19 112","Odins vei 107"
Marita,Larsen,2/16/2000,"480 27 487","Jernverksgata 245"
Eirik,Bakken,12/29/2009,"932 74 732","Garverigata 157"
Sofie,Berg,6/26/2016,"968 07 830","Vestre Fantoftåsen 240"
Ea,Aase,6/7/2006,"925 01 879","Jeppevegen 187"
Simon,Larsen,2/27/2006,"484 54 180","Konvallveien 183"
Nikolai,Mork,11/27/2006,"983 17 998","Sleiverudåsen 9"
Mathea,Bjørgen,5/29/2007,"420 87 058","Hovsbruveien 49"
Arn,Abdi,10/11/2016,"429 36 101","Maries vei 47"
Ahmed,Jensen,6/21/2011,"429 33 720","Vihantis vei 38"
Emma,Dalen,10/10/2003,"952 77 643","Sandskargata 214"
Jonathan,Haugen,8/3/2002,"494 07 183","Tømtebakken 140"
Muhammad,Skjerven,5/4/2008,"473 49 596","Vollgata 130"
Herman,Olsson,6/6/2009,"998 81 922","Bråmyra 60"
Sofie,Grønlie,12/14/1999,"453 13 758","Vestre Solhellinga 95"
Vilde,Lillestøl,12/8/2009,"423 97 645","Stunnerveien 177"
David,Rønning,9/11/2003,"417 90 033","Knausen 178"
Teja,Johansen,6/2/2010,"423 50 591","Thulstrups gate 245"
Jonas,Vinje,10/16/2016,"495 06 744","Fredrikke Nielsens veg 141"
Katrine,Lindberg,11/4/2000,"446 80 107","Betongveien 245"
Simon,Pettersen,12/20/2006,"412 74 748","Industriveien 214"
Gaute,Olsen,5/10/2002,"446 84 545","Østre Solberg vei 1"
Daniel,Linde,5/8/2001,"495 66 423","Nesttunkollen 78"
Mats,Holm,2/14/2000,"458 12 571","Åsbakken 38"
Torbjørn,Berge,9/2/2011,"445 52 497","Vestheimgata 84"
Magnus,Hansen,4/29/2009,"456 06 676","Mailundveien 55"
Anna,Opstad,10/26/2006,"947 84 563","Gullfakskroken 89"
Mille,Johansen,3/4/2006,"413 22 413","Peterhofveien 32"
Jacob,Jacobsen,12/23/2004,"480 32 739","Grønnebergveien 72"
Helene,Hansen,9/27/2015,"491 24 699","Thomas Von Westens gate 244"
Thomas,Rasmussen,10/6/2017,"945 41 919","Naxbie 107"
Edvard,Grøndahl,10/4/2015,"473 10 409","Heggestien 46"
Oda,Berg,11/4/2000,"448 09 711","Gammelgårdvegen 23"
Alva,Nyheim,5/1/2013,"453 34 983","Hollendergata 55"
Cecilia,Hildre,6/20/2001,"435 75 956","Nordlysbråtet 131"
Jens,Bruaset,8/31/2018,"980 95 658","Parkveien 130"
Daniel,Ølmheim,9/1/2016,"499 50 548","Torvmyrveien 191"
Sofia,Norheim,6/16/2006,"918 14 090","Holeberget 172"
Ellinor,Kjørsvik,7/8/2009,"972 85 568","Hauges vei 144"
Magnus,Riise,1/5/2012,"446 30 339","Haugsåsen 159"
Leah,Varhaug,3/29/2005,"434 30 478","Fagstadvegen 47"
Andrea,Johansen,8/8/2003,"485 13 344","Skytterveien 89"
Adrian,Svendsen,1/18/2011,"976 53 666","Sveiserveien 71"
Erlend,Hoff,10/16/2013,"990 58 931","Aabys gate 34"
Emil,Holmefjord,9/23/2010,"974 11 950","Steintangvegen 136"
Mia,Askevold,9/9/2015,"463 12 151","Baggliveien 120"
Amalie,Lorentzen,4/5/2008,"428 74 931","Bregneveien 158"
Emil,Otterstad,9/1/2003,"451 55 931","Konvertorveien 224"
Emily,Johannessen,7/1/2013,"476 61 978","Fagernes 102"
Markus,Aasen,8/23/2012,"973 07 435","Øyåsbakken 85"
Henrik,Sødal,3/18/2010,"957 01 159","Valbeinet 122"
Leonora,Solvoll,4/7/2006,"982 12 136","Bregneveien 58"
Luna,Lid,9/28/2003,"485 72 359","Øvre Ringvei 195"
Eva,Haugland,5/11/2005,"429 98 507","Grønliveien 232"
Kaja,Solheim,9/13/2000,"454 84 289","Janaflaten 30"
Gabriel,Eriksen,8/25/2011,"460 04 264","Rådalslien 3"
Malin,Kolnes,6/2/2008,"449 83 196","Storgaten 242"
Ingeborg,Sogn,7/4/2005,"420 90 386","Falsens gate 76"
Sandra,Rønningen,3/11/2013,"415 53 121","Godheimveien 223"
Mathias,Meyer,6/20/2017,"486 05 003","Oksenøyveien 13"
Håvard,Andreassen,5/5/2014,"428 17 963","Vintervegen 246"
Adrian,Andersen,7/17/2017,"480 83 943","Sentroveien 111"
Lone,Berg,2/16/2008,"974 70 394","Arbeidergata 156"
Martin,Hovden,11/9/2002,"987 37 886","Jon Sivertsens veg 161"
Theodor,Knutsen,10/26/2014,"445 57 436","Mikjelsbakken 83"
Andrea,Dahlberg,3/24/2004,"934 18 161","Stensveien 148"
Ella,Sønderland,10/27/2014,"940 06 100","Junos vei 75"
Karolina,Henriksen,2/2/2017,"427 08 539","Svovelstikka 159"
Torjus,Andersen,11/18/2017,"958 75 245","Smedsletta 136"
Tuva,Syversen,3/10/2015,"487 08 313","Siksakveien 142"
Emily,Medhus,10/17/2015,"916 35 381","Sandshagan 134"
Mari,Andersson,1/14/2017,"946 28 117","Askeladdvegen 161"
Lotta,Schei,9/14/2000,"438 09 857","Øvre Krohnåsen 76"
Andrea,Ruud,12/29/2000,"417 39 588","Siggeruds gate 49"
Daniel,Austbø,4/19/2019,"421 30 604","Paradevegen 16"
Håkon,Akhtar,1/20/2003,"993 96 176","Trygve Thesens vei 247"
Christoffer,Berg,3/28/2018,"942 09 514","Palle Rosenkrantz gate 4"
Arnas,Jønsson,12/22/2015,"436 82 198","Stivivegen 90"
Marie,Huse,5/25/2008,"426 33 433","Kolleveien 116"
Ellinor,Grimsrud,8/12/1999,"482 72 689","Strandbråten 189"
Andrea,Jansen,9/9/2016,"452 00 146","Ruths vei 9"
Ayla,Hynne,9/29/2004,"920 86 729","Kobbes gate 20"
Malin,Nysæther,11/22/2014,"473 11 561","Kroken 10"
Magnus,Kolstad,12/18/2005,"472 32 537","Hattemaker Knudsens vei 41"
Selmer,Simonsen,9/28/2013,"463 56 678","Solstien 181"
Natalie,Nilsen,12/4/2004,"991 61 577","Påleklova 64"
Jens,Flø,5/18/2016,"435 92 188","Digerudvegen 48"
Mohammed,Klein,4/8/2010,"497 86 801","Storhaugen 164"
Lucas,Pedersen,11/11/2010,"411 17 569","Syftesokbakken 127"
Amina,Mørk,12/21/2017,"927 85 946","Håhammartunet 175"
Ingvild,Gjerde,6/13/1999,"949 41 932","Bjerkastien 28"
Gabriel,Wold,7/19/2015,"991 93 118","Ole Irgens vei 185"
Ahmed,Skår,2/15/2012,"487 19 525","Hønskogen 82"
Selma,Pettersen,12/22/1999,"440 52 268","Alkeveien 116"
Magnus,Ingvaldsen,10/9/2002,"922 00 528","Tegeveien 11"
Kajus,Johannessen,10/9/2016,"936 42 037","Ulsholtveien 240"
Sarah,Midtgård,8/7/2018,"471 70 599","Holmejordetveien 76"
Julie,Antonsen,2/5/2007,"921 12 437","Kongevegen 88"
Timian,Samuelsen,5/21/2010,"992 62 683","Furustadveien (uten husnummer) 222"
Oliver,Berg,9/10/2015,"967 27 439","Knattenskogen 157"
Fredrik,Gravdahl,6/12/2004,"926 34 499","Ulsberghagen 125"
Mathias,Johnsen,8/16/2008,"915 40 822","Risøbank 17"
William,Rasmussen,2/12/2002,"499 77 851","Ospeveien 157"
Mathias,Tangen,3/22/2003,"468 82 905","Brunas vei 231"
Ben,Pedersen,3/23/2018,"995 61 701","Hvervenenga 237"
Emma,Jørgensen,9/19/2001,"463 05 885","Brattbakken 246"
Åsmund,Paulsen,10/4/2010,"946 56 184","Aspermyrveien 195"
Tobias,Nyhus,9/14/2016,"962 23 241","Brinken 75"
Ali,Flåten,4/2/2018,"448 39 043","Maarveien 146"
Maria,Hadland,1/23/2011,"944 16 330","Nilsesvoldveien 159"
Syed,Eriksen,6/18/2010,"914 57 777","Skogmovegen 150"
Herman,Bergland,1/26/2002,"922 14 637","Lillengveien 125"
Celine,Bergman,10/19/2016,"441 19 964","Nygata 150"
Alma,Staven,6/13/2012,"430 22 698","Hellinga 184"
Lucas,Alme,10/18/2010,"934 28 248","Kvietunet 168"
Martine,Safi,7/5/2004,"933 75 522","Kirkegårdsveien 71"
Una,Øren,6/29/2009,"928 09 659","Meklenborgåsen 19"
Kristian,Gunnestad,5/23/2007,"959 16 649","Tokeruddalen Øst 30"
Aylin,Andersen,12/26/2004,"910 33 592","Bergesgarden 187"
Jenny,Nilsen,2/4/2007,"449 43 280","Alexander Kiellands veg 192"
Julie,Kaspersen,7/28/2008,"929 35 841","Vestmarkbakken 133"
Alexander,Seldal,6/10/2007,"984 02 030","Hunstein 31"
Jonas,Johansen,7/1/2010,"996 06 128","Gramsborgveien 86"
Lucas,Nilsen,11/6/2016,"441 52 550","Nedre Prestavegen 96"
Elsa,Karlsen,9/18/2010,"455 82 984","Altagårdsbakken 3"
Emma,Erdal,7/22/2000,"966 50 553","Aasmund Vinjes vei 112"
Lene,Rye,6/29/2014,"413 88 393","Urskjellveien 77"
Matheo,Hansen,9/13/2017,"999 37 185","Grønli allé 122"
Jonathan,Stadheim,6/22/2012,"993 35 303","Gjøkbakken 211"
Filip,Karlsen,4/26/2001,"987 02 653","Serinelystveien 54"
